Unnamed: 0,Impressions,From Home,From Hashtags,From Explore,From Other,Saves,Comments,Shares,Likes,Profile Visits,Follows,Caption,Hashtags,Timestamp,Content Type,CaptionLength,DayOfWeek,EngagementRate,HashtagCount,HashtagDensity,FromHomeRatio,FromHashtagsRatio,FromExploreRatio,FromOtherRatio,IsWeekend,Month,HourOfDay,NumOfHashtags
0,3937.9677291282183,2620.212234023749,1039.8454110870152,614.2040510336882,55.731103064825895,98.2835758103067,9.064182284069219,4.943878439673789,160.84245286278986,35.13750668974952,1.9891876264092136,here get live stock price data company using python programming language,#data#datascience#dataanalysis#dataanalytics#datascientist#machinelearning#python#pythonprogramming#pythonprojects#pythoncode#artificialintelligence#ai#deeplearning#machinelearningprojects#datascienceprojects#amankharwal#thecleverprogrammer#news,2024-05-14 22:59:29.747899160,carousel,8.094105087947248,3,0.06999268375975704,1.000831109691722,0.11186782108801792,0.6561285299610718,0.2653202615944306,0.1588852509612715,0.014143419247687727,0,4,19,21.96090903962122
1,5373.0616465198,2701.1132396191183,1810.7020535216898,1165.6668842330716,77.90772125880858,191.17622082825454,6.963856705592562,13.945374240950244,221.96493450486312,48.04385180430725,9.954824944845912,best data source use collect data data science project,#timeseries#time#statistics#datascience#bigdata#machinelearning#python#ai#timeseriesanalysis#datavisualization#dataanalytics#data#iot#analysis#timeseriesmalaysia#artificialintelligence#analytics#amankharwal#thecleverprogrammer,2024-05-24 03:49:54.957983192,video,16.977832871939523,6,0.08056888181341951,0.9885258207209763,0.05578022290873554,0.5032734285541969,0.3384225499185225,0.22141955471997715,0.014533469776138164,0,3,1,17.91980945569731
2,3989.0240615319626,2080.6369169239683,1200.0650632956817,0.0,535.143061078217,40.96690518143976,11.137369994132197,0.9799473695954399,130.51430435932144,62.13631193968155,12.087663240450853,google search analysis one best data analysis project idea someone want work data analyst marketing task analyze search trend google learn analyze google search trend visiting link bio,#data#datascience#dataanalysis#dataanalytics#datascientist#machinelearning#python#pythonprogramming#pythonprojects#pythoncode#artificialintelligence#ai#deeplearning#machinelearningprojects#datascienceprojects#amankharwal#thecleverprogrammer#machinelearningmodels#zomato#business#casestudy#businessmodel,2024-01-13 06:27:13.613445378,image,12.83861129651144,2,0.045708946739924795,0.9894828022152219,0.07278386709069783,0.52166498787966,0.2953958401829178,0.0,0.13143916155099014,1,12,10,18.00130170243807
3,4602.2435033844595,2723.8232804105596,612.100134448205,930.34068688131,74.087541388282,168.61641648975674,9.98769220549597,6.981901639493567,211.55693394852486,22.64781811787489,7.844769223322143,data science time series analysis method analyzing data collected interval time stock price data covid case data example timeseries data time series analysis help understand underlying cause trend pattern particular time interval one topic every data scientist know perfectly looking best data science project idea time series analysis try work project,#dataanalytics#datascience#data#machinelearning#datavisualization#bigdata#artificialintelligence#datascientist#python#analytics#ai#dataanalysis#deeplearning#technology#programming#coding#dataanalyst#business#pythonprogramming#datamining#tech#businessintelligence#database#computerscience#statistics#powerbi#dataanalysisprojects#businessanalytics#thecleverprogrammer#amankharwal,2024-06-17 16:44:22.184873950,carousel,16.21866184809795,2,0.08961202194113552,1.0016361884495668,0.05974642640131537,0.6019755660687331,0.13813771534723193,0.20847386014607508,0.016162814020279474,1,2,18,11.122555742425021
4,2498.4167464455177,1683.0371655105162,252.09821018925442,278.5625403909522,36.94379512931705,95.82678581029771,5.037765938876189,4.070102439337545,120.99316654372265,8.069506105805743,0.0,one popular use case data science task sentiment analysis product review sold ecommerce platform learn analyze sentiment flipkart review using python,#data#datascience#dataanalysis#dataanalytics#datascientist#machinelearning#python#pythonprogramming#pythonprojects#pythoncode#artificialintelligence#ai#deeplearning#machinelearningprojects#datascienceprojects#amankharwal#thecleverprogrammer#machinelearningmodels,2024-03-20 17:56:58.487394958,image,15.047099095964633,0,0.09106654818157138,1.0096120912466031,0.06222657343213129,0.6817082440604127,0.10156689654700873,0.11108600641562377,0.014514394442396142,0,12,4,28.564251285045813
5,3874.837758563011,2044.4820764158733,1199.9228773561736,331.26023340528883,43.789789270798835,73.51413118482338,6.9563014764993625,9.967785334101244,143.3964834260027,9.10120688680103,1.9982357020162744,here create qr code using python programming language,#machinelearning#machinelearningalgorithms#datascience#dataanalysis#dataanalytics#datascientist#python#pythonprogramming#pythonprojects#pythoncode#artificialintelligence#ai#deeplearning#algorithm#algorithms#amankharwal#thecleverprogrammer#clustering,2024-07-15 07:15:37.815126050,image,6.006525104721126,6,0.06071235514351862,0.9977165206977735,0.14213295578262564,0.5321793242458442,0.31528555793638646,0.0852231055724775,0.010926293377868473,1,8,0,19.736329172980714
6,2618.482042043364,1577.7027452162745,595.3318482085994,333.52388288076776,24.931701090154938,21.991478315543155,4.886101092712484,0.9938984349041599,76.47484976171997,25.91997198288342,0.0,database used facebook,#python#pythonprogramming#pythonprojects#pythoncode#pythonlearning#pythondeveloper#pythoncoding#pythonprogrammer#amankharwal#thecleverprogrammer#naturallanguageprocessing#nlp,2024-08-11 21:46:53.445378152,image,14.916225748960516,6,0.03945563997902093,0.9986102821567637,0.0620433167884457,0.5847119978452004,0.22979282674122076,0.1278104528355872,0.00972982125065208,1,11,9,16.96220374171001
7,3442.2007476635645,2057.23669558505,630.2489208770154,492.2314629997009,60.98961133239794,136.16311549601213,3.9703082811066035,8.938055089285893,124.65934406533336,12.02562340955249,5.957259012669184,deep learning subset machine learning use artificial neural network train model solve complex problem need large amount data compared machine learning algorithm best deep learning project idea must try,#data#datascience#dataanalysis#dataanalytics#datascientist#machinelearning#python#pythonprogramming#pythonprojects#pythoncode#artificialintelligence#ai#deeplearning#machinelearningprojects#datascienceprojects#amankharwal#thecleverprogrammer#roadmap,2024-01-31 16:08:04.033613445,image,6.025587584264193,1,0.07692890051878469,0.9955440731091915,0.14119875889815375,0.5827658001057193,0.1753086513387796,0.1431016875977107,0.016493741343067914,1,11,8,12.98639600734379
8,3778.1396033586916,2416.654277853256,857.3468577743662,250.44030240757226,48.246317186305504,157.08671446142128,6.078836640319815,7.883747188853758,158.33354094000566,35.73078600473331,4.039823855403609,best data analysis project idea try show resume project help show data analysis skill,#machinelearning#machinelearningalgorithms#datascience#dataanalysis#dataanalytics#datascientist#python#pythonprogramming#pythonprojects#pythoncode#artificialintelligence#ai#deeplearning#algorithm#algorithms#amankharwal#thecleverprogrammer,2024-05-02 16:32:16.134453782,carousel,14.227467059460094,6,0.08953050288056694,1.0244949301897917,0.06585197222623253,0.64163721584095,0.22903037242738059,0.06549579962450504,0.013087387141763782,0,6,21,29.99046846615557
9,4095.9213225650747,2656.2563809627736,1082.0450567909488,179.38183492514077,46.07552011707895,122.87447461891304,5.9810033390907735,2.944115721327038,187.73019208542442,31.120724332239643,6.021370686816999,python project source code solved explained free link bio,#data#datascience#dataanalysis#dataanalytics#datascientist#machinelearning#python#pythonprogramming#pythonprojects#pythoncode#artificialintelligence#ai#deeplearning#machinelearningprojects#datascienceprojects#amankharwal#thecleverprogrammer#instagram#instagramreach,2024-11-24 04:38:19.159663864,video,9.050879236004214,5,0.07836920517753344,0.9986415853003076,0.09902483704571723,0.6247193183958129,0.26357214872972506,0.04353839136363355,0.011180790932218384,0,9,1,11.016378842548907
10,2205.354452026439,1580.077883526043,407.79126649674373,160.92138469349675,15.025366757353181,28.228348401014824,5.9999352299665585,3.0391326205220444,81.47037375278103,29.050293779840125,3.943034823855631,python program count number capital letter file,#datavisualization#datascience#data#dataanalytics#machinelearning#dataanalysis#artificialintelligence#python#datascientist#bigdata#deeplearning#dataviz#ai#analytics#technology#dataanalyst#programming#pythonprogramming#statistics#coding#businessintelligence#datamining#tech#business#computerscience#tableau#database#bigdataanalytics#powerbi,2024-02-25 05:02:31.260504202,carousel,9.908213212217046,4,0.053430399346011445,1.020866420279443,0.08990204720132855,0.7224723599259381,0.1868388092154696,0.07164140716212682,0.006736856869302562,1,9,15,22.90625184427145
11,3210.5318193080425,2382.316691204962,473.3096068687281,184.84903376191824,73.18354097888827,123.52907362160576,7.9227909965673895,13.921822388980534,149.31578739766135,14.917476874015216,0.0,practice data science project beginner solved explained using python find project link bio,#python#pythonprogramming#pythonprojects#pythoncode#pythonlearning#pythondeveloper#pythoncoding#pythonprogrammer#amankharwal#thecleverprogrammer#pythonprogram@codergallery,2024-07-09 04:02:01.008403360,image,10.994740483877996,0,0.09249523233214985,1.0078337868035017,0.08391571339637345,0.7301926919160298,0.14562086792636153,0.05769368596945913,0.02330550233984696,0,8,20,10.913524658775087
12,4340.077399012374,2166.388201449027,1275.7157213468147,669.9348482348422,40.52861141572468,119.56524202733688,7.164130056964416,10.972448962466675,161.73597764228433,8.040135069142188,2.0244105810598274,two best way count number letter string using python,#healthcare#health#covid#data#datascience#dataanalysis#dataanalytics#datascientist#machinelearning#python#pythonprogramming#pythonprojects#pythoncode#artificialintelligence#ai#dataanalyst#amankharwal#thecleverprogrammer,2024-02-03 17:44:52.436974790,image,14.179257797294067,4,0.06884520936561353,0.9944721048769395,0.06726926040465653,0.5073621084748132,0.2911630977757748,0.1530155949881564,0.009153103937660084,0,4,1,18.810472223498586
13,3194.4882646426054,2495.796046926907,212.7519815682515,200.72153620414556,221.22011383708698,122.73747647514124,4.974817681462561,4.957445120163609,145.01866346421107,19.93121168279604,4.021624075249086,data science time series analysis method analyzing data collected interval time stock price data covid case data example timeseries data time series analysis help understand underlying cause trend pattern particular time interval one topic every data scientist know perfectly looking best data science project idea time series analysis try work project,#datavisualization#datascience#datasciencejobs#datasciencetraining#datascienceeducation#datasciencecourse#data#dataanalysis#dataanalytics#datascientist#machinelearning#artificialintelligence#ai#deeplearning#machinelearningprojects#datascienceprojects#amankharwal#thecleverprogrammer,2024-04-20 10:05:02.521008404,carousel,7.016961388604158,1,0.08572203790298265,0.9865342970867094,0.12527784009845344,0.7718979286334011,0.06581006219974521,0.06376358604554097,0.06946822462943238,1,12,22,18.930566984395245
14,9501.543688775513,2521.664309572743,5888.443680596741,210.69037964214266,797.1886333941428,101.23849373447996,6.044830723547073,9.969276135175226,295.2078132159346,177.89101783450425,41.74337399335865,best data source use collect data data science project,#datavisualization#datascience#data#dataanalytics#machinelearning#dataanalysis#artificialintelligence#python#datascientist#bigdata#deeplearning#dataviz#ai#analytics#technology#dataanalyst#programming#pythonprogramming#statistics#amankharwal#thecleverprogrammer,2024-09-29 23:35:47.899159664,video,7.921267490754895,3,0.04327645734321899,0.9949853101589767,0.11033343602432288,0.2664232993753392,0.617973843615249,0.021760723960170175,0.0833372295249847,0,5,11,19.226491834369913
15,5022.846686878257,1996.0518836090985,2301.712994847038,292.85901380372485,109.26825200483371,98.90401534928553,7.057911647850576,10.910812542202951,158.17557598441152,17.093198947488922,6.043454947135481,clustering machine learning technique used classify data point charaterized specific feature group unsupervised machine learning method data deal labelled best machine learning project idea clustering try,#dataanalytics#datascience#data#machinelearning#datavisualization#bigdata#artificialintelligence#datascientist#python#analytics#ai#dataanalysis#deeplearning#technology#programming#coding#dataanalyst#business#pythonprogramming#datamining#tech#businessintelligence#database#computerscience#statistics#powerbi#dataanalysisprojects#businessanalytics#thecleverprogrammer#amankharwal,2024-10-06 02:49:24.705882352,image,50.08748315413611,2,0.05592361912661931,1.0016887805444867,0.019875854898479102,0.4007213039795499,0.46104762577243263,0.05841119513721891,0.021215649480853464,0,5,7,19.04047820412012
16,3936.4000441630865,3439.3337636971546,273.79426760139455,130.09079767737816,73.8166318577833,110.50688881441327,16.890760344143334,17.961700180957735,207.2195502417238,15.794082244146773,2.0104265748890326,popular data science case study project every data science beginner try find case study project solution kaggle,#career#job#jobs#jobsearch#education#business#success#careergoals#motivation#work#careerdevelopment#careers#goals#resume#students#careeradvice#datascience#marketing#digitalmarketing#media#socialmedia#IT#webdevelopment#amankharwal#thecleverprogrammer,2024-11-30 07:51:55.966386552,carousel,33.40653314224236,3,0.08770149851743667,1.0009019793667164,0.02832507976619096,0.8624138064451231,0.06996467352590983,0.03183059068024326,0.01846532379566929,1,9,1,24.972392314557844
17,3198.6599185343266,1983.1299639510146,710.5696778864179,332.3408525872578,31.860514732885434,105.76591655520083,7.929253235419407,0.9968319445535784,119.29845130915668,21.080452674758973,1.9858524380938942,learn create interactive language translator using python link bio,#career#job#jobs#jobsearch#education#business#success#careergoals#motivation#work#careerdevelopment#careers#goals#resume#students#careeradvice#datascience#marketing#digitalmarketing#media#socialmedia#IT#webdevelopment#amankharwal#thecleverprogrammer,2024-01-01 00:00:00.000000000,image,51.128604375682244,3,0.07404385509258567,1.0001754207361317,0.01917931024425867,0.6286605053510415,0.2219089133230068,0.10609718877831482,0.010122655595823827,1,2,21,19.211662936087254
18,6219.374345023533,2161.0109226375084,3446.2161127566446,152.81815162904593,293.7599888275615,82.59886413135355,6.0047727227188386,5.972789978510035,147.3412923602864,78.15827446835848,29.858859291564297,best data science project idea based recommendation system try,#stockmarket#investing#stocks#trading#money#investment#finance#forex#datavisualization#datascience#data#dataanalytics#machinelearning#dataanalysis#ai#candlestick#candlestickcharts,2024-09-26 21:58:59.495798320,image,78.91480956144494,5,0.03901214867664761,0.9934853397876928,0.012399612771236823,0.35248030346220793,0.5656781254417896,0.024797128852658456,0.04738741170131341,1,12,7,20.006167730146892
19,2405.585304123417,1329.2033553512515,646.8531532404618,270.71115851884394,39.32209878924747,40.51301914937817,7.833542053703977,19.883120384968848,72.45701440539769,9.986349764850454,0.0,deep learning subset machine learning use artificial neural network train model solve complex problem need large amount data compared machine learning algorithm best deep learning project idea must try,#data#datascience#dataanalysis#dataanalytics#datascientist#machinelearning#python#pythonprogramming#pythonprojects#pythoncode#artificialintelligence#ai#deeplearning#machinelearningprojects#datascienceprojects#amankharwal#thecleverprogrammer#interview#datascienceinterview,2024-11-14 23:47:53.949579832,video,10.965249776510259,3,0.05765209142203654,0.9952672919225576,0.08322337443812573,0.5577718848427117,0.2712192884883367,0.1158905267868701,0.01649685473484424,1,1,1,22.071811863848936
20,2037.3273520905032,1292.1219694579422,361.56418992530234,253.3047432403892,36.682020206419836,49.22036164906758,4.037401211270076,4.948863909707396,74.84306433148548,9.093767455303926,0.0,many country supporting ukraine introducing economic sanction russia lot tweet ukraine russia war people tend update ground truth feel supporting learn analyze sentiment people ukraine russian war learn perform twitter sentiment analysis ukraine russia war using python link bio,#data#datascience#dataanalysis#dataanalytics#datascientist#machinelearning#python#pythonprogramming#pythonprojects#pythoncode#artificialintelligence#ai#deeplearning#machinelearningprojects#datascienceprojects#amankharwal#thecleverprogrammer,2024-07-18 08:52:26.218487394,video,32.4046567789468,3,0.06450170920985127,0.9937239203950957,0.029683861173494655,0.6403199260390142,0.1743960635460196,0.122706277390314,0.018087763352250527,0,5,3,27.142504201727384
21,4001.4483138787855,2436.23810524137,750.0230162534139,679.5015325325093,17.917884014925416,72.57290516652289,3.0124898188520315,4.0859439203575265,92.01058113561086,11.050334153521355,24.014794018474724,learn create interactive language translator using python link bio,#machinelearning#machinelearningalgorithms#datascience#dataanalysis#dataanalytics#datascientist#python#pythonprogramming#pythonprojects#pythoncode#artificialintelligence#ai#deeplearning#algorithm#algorithms#amankharwal#thecleverprogrammer#clustering,2024-05-18 00:36:18.151260504,carousel,46.993750536346006,0,0.04260652989904121,0.9958673389120359,0.020757137368412,0.6020511109858365,0.18595194968557202,0.16877373301465437,0.004551530922082942,0,9,20,21.708904240959598
22,7181.39189532084,3052.2359940464517,1238.5396672969753,2075.605035875102,749.9604980678477,167.62441898344474,7.0038062499726506,9.023368492523332,194.19959027720384,144.2311583490634,100.36864243751545,best resource learn sql data science,#python#pythonprogramming#pythonprojects#pythoncode#pythonlearning#pythondeveloper#pythoncoding#pythonprogrammer#amankharwal#thecleverprogrammer#pythonprojects#otp#otpverification,2024-04-05 02:01:00.504201680,video,10.020395313468248,2,0.05287563985504578,0.9895161937692184,0.08934664901115204,0.42650566957216424,0.17452575934710227,0.2811247114400108,0.1026525545647188,0,1,1,11.054199321290113
23,3027.8268521090345,2612.498513427208,199.22226985357077,121.83918772645114,86.27176083621261,63.06414283716837,4.982768897143098,13.904441380312228,128.60828832411173,14.065920135925692,2.0400101806847264,learn analyze candlestick chart data scientist financial analyst hope resource help invest analyze stock market,#python#pythonprogramming#pythoncode#pythonlearning#pythondeveloper#pythonprogrammer#pythonprojects#python3#pythoncoding#pythonprogramminglanguage#amankharwal#thecleverprogrammer,2024-08-02 16:56:28.235294116,video,7.0710758740903215,4,0.06851312633903323,0.9704358045327256,0.12470226760574987,0.8393781897205363,0.06544204849442387,0.04000638733678997,0.028746621704231548,0,12,3,29.914832157733517
24,4616.251707898746,2418.374863992717,1261.8747324317565,854.4197230861472,26.082614846124173,144.54228905498115,7.951596682801909,2.9747930804855156,159.0324066987622,9.99417630275403,3.977929792903435,here visualize interactive candlestick chart using python,#python#pythonprogramming#pythoncode#pythonlearning#pythondeveloper#pythonprogrammer#pythonprojects#python3#pythoncoding#pythonprogramminglanguage#amankharwal#thecleverprogrammer#nlp#naturallanguageprocessing,2024-05-08 19:45:52.941176470,carousel,28.32880194193675,5,0.06889502168255512,0.9831913640766279,0.03466422837514332,0.5142501818440094,0.27205138643727467,0.18849728249561468,0.005618169068634797,1,3,0,17.71108289531357
25,4043.3210627453363,2200.845917853244,1256.819067727297,534.2494815233943,36.40814386662152,135.45297419336947,10.872937083463153,4.956398670793618,177.59041015603026,18.88983021391182,6.018070118400528,natural language processing nlp subfield artificial intelligence build application interact human complete process follow working every problem based natural language processing,#python#pythonprogramming#pythonprojects#pythoncode#pythonlearning#pythondeveloper#pythoncoding#pythonprogrammer#amankharwal#thecleverprogrammer#pythonprojects#qrcodes,2024-02-06 19:21:40.840336134,video,29.03161597149114,1,0.07985165225213174,1.0100977410663727,0.033832052364348456,0.5429099835111608,0.305475323261673,0.13079414018437546,0.008730930971416473,0,12,1,18.193796469400084
26,5367.440011936692,2263.572730363131,2964.0072527599946,44.80036600018206,65.05119590872573,61.70565971742759,19.096753607738606,5.957609046294313,147.08079046348547,68.5032687373293,5.976902207806,database google us,#datavisualization#datascience#data#dataanalytics#machinelearning#dataanalysis#artificialintelligence#python#datascientist#bigdata#deeplearning#dataviz#ai#analytics#technology#dataanalyst#programming#pythonprogramming#statistics#coding#businessintelligence#datamining#tech#business#computerscience#tableau#database#bigdataanalytics#powerbi,2024-02-16 00:12:06.050420168,image,27.77950957937427,0,0.04326073140253697,0.9961216652091809,0.034445101116969294,0.422666683522334,0.5574338315023425,0.00834412211160664,0.012041453213109163,1,11,7,18.907052262013625
27,2789.6904168352426,2554.9878077160665,117.60784175837115,50.425210153521206,9.099397822619197,39.884245136347545,10.10367370099391,4.062590680051819,115.10516734060684,10.909145372296928,6.091603310401416,important soft skill every data scientist,#stockmarket#investing#stocks#trading#money#investment#finance#forex#datavisualization#datascience#data#dataanalytics#machinelearning#dataanalysis#ai#candlestick#candlestickcharts#amankharwal#thecleverprogrammer,2024-12-15 15:55:57.983193276,video,7.03374166665956,6,0.06121979688692825,0.9994187104141946,0.12508548832972904,0.9137389018395707,0.04130701979312328,0.018227917325792077,0.0032568775244136644,1,8,17,29.7333781161494
28,3927.1911425695785,2253.855991344231,1277.125349793256,320.02624846726934,33.841175811582254,133.70841565264678,10.950222310045548,3.010310833125425,151.4123984033447,18.87836991228302,2.0016624617293903,popular programming language us,#data#datascience#dataanalysis#dataanalytics#datascientist#machinelearning#python#pythonprogramming#pythonprojects#pythoncode#artificialintelligence#ai#deeplearning#machinelearningprojects#datascienceprojects#amankharwal#thecleverprogrammer#interview#neuralnetworks,2024-08-21 02:37:18.655462184,carousel,17.01730478932171,1,0.07801221299833859,0.9837842224409014,0.055105250152425525,0.578443542872723,0.3328456749615684,0.082633746065606,0.008690561898901118,0,12,2,20.903017266410032
29,3008.0680102013202,2046.5828324911986,771.2544330956258,115.30727137308472,40.8303427569463,52.67096366251027,11.068282923251294,4.055648466622959,92.37252489087719,8.97614713505858,2.0023558421368843,must seen news divided category go news website learn classify news article machine learning using python,#neuralnetwork#machinelearning#artificialintelligence#deeplearning#python#ai#datascience#neuralnetworks#programming#tensorflow#datascientist#pythonprogramming#tech#technology#artificialintelligenceai#machinelearningalgorithms#computerscience#coding#ml#data#amankharwal#thecleverprogrammer,2024-10-24 12:30:15.126050420,carousel,16.770247636500866,4,0.05314547225113523,0.9864097132128257,0.05596021678698798,0.6833595254298276,0.2597238045231924,0.038291378260516984,0.013386027680172947,0,7,0,22.764705221505086
30,6644.895559669746,1981.7882903580594,4559.685185950509,47.86789052066666,22.75936506925263,85.03821943566506,8.94912885011757,2.9754593111411247,213.28514515624764,57.284301972991756,19.84427152542503,introduction online payment system helped lot ease payment time increased payment fraud learn detect online payment fraud machine learning using python,#python#pythonprogramming#pythonprojects#pythoncode#pythonlearning#pythondeveloper#pythoncoding#pythonprogrammer#amankharwal#thecleverprogrammer,2024-03-14 14:43:21.680672269,video,28.325659529009023,2,0.04612402976992491,1.0238448119048718,0.03429449277489231,0.2964558671693611,0.6898112438006447,0.007176662652009779,0.0033877029287781284,1,5,8,16.933681570141058
31,3915.980660625933,1994.0050033229331,1724.9774998380794,60.13665506383039,43.66157821220843,81.37932050006339,10.815716705837282,15.054012273910828,148.2236494613494,12.868258780042797,1.9864996848601364,best data source use collect data data science project,#data#datascience#dataanalysis#dataanalytics#datascientist#machinelearning#python#pythonprogramming#pythonprojects#pythoncode#artificialintelligence#ai#deeplearning#sentimentanalysis#sentiment#nlp#naturallanguageprocessing#amankharwal#thecleverprogrammer#flipkart,2024-08-27 05:50:55.462184872,image,3.0231856601479756,5,0.06676785289568928,1.0022144351829103,0.25135343180359615,0.5174698348816684,0.44752013582789546,0.015293526851067014,0.011063379453834602,0,10,7,28.44613141534839
32,4403.490999265144,2818.2238097375252,138.363399662851,1220.8347353701176,32.28611540638742,78.32723482578226,8.199476818791478,4.005637196414218,121.14363335540345,10.895373160427155,4.057345279584669,data science time series analysis method analyzing data collected interval time stock price data covid case data example timeseries data time series analysis help understand underlying cause trend pattern particular time interval one topic every data scientist know perfectly looking best book learn time series analysis choose one among book,#stockmarket#investing#stocks#trading#money#investment#finance#forex#datavisualization#datascience#data#dataanalytics#machinelearning#dataanalysis#ai#candlestick#candlestickcharts,2024-03-08 11:29:44.873949580,carousel,3.984066394741587,6,0.049059697892981986,0.9959279599952336,0.19999366847252187,0.6606524741576392,0.032241306778345497,0.2861963038023272,0.0074248085056588245,0,6,19,29.9094469420071
33,4323.548718420366,2303.008255772377,1489.1077947133792,517.2107862190592,27.186534804833823,104.20823348110284,5.927429682134969,2.9586638587203615,152.18132242807349,23.806828204011154,8.045265491716945,best data science project idea based recommendation system try,#data#technology#datascience#business#tech#bigdata#dataanalytics#machinelearning#ai#analytics#datavisualization#security#artificialintelligence#cybersecurity#programming#python#software#coding#network#internet#cloud#dataanalysis#innovation#datascientist#database#amankharwal#thecleverprogrammer#facebook,2024-10-21 10:53:26.722689076,carousel,20.724749948924938,3,0.06181584323063566,1.0135173988020802,0.04456839323875847,0.5326802386073232,0.336167278602872,0.12017985648897304,0.006228275859317726,1,6,2,18.747962165643266
34,5978.146258572893,2665.530541575726,2822.192833463388,564.8161515484595,26.141835708584896,90.96044330368969,6.865420908066767,8.030201722848737,192.91990128027751,80.0884426169458,25.914388559781568,clustering music genre task grouping music based similarity audio characteristic learn clustering analysis music genre machine learning using python,#data#datascience#dataanalysis#dataanalytics#datascientist#machinelearning#python#pythonprogramming#pythonprojects#pythoncode#artificialintelligence#ai#deeplearning#machinelearningprojects#datascienceprojects#amankharwal#thecleverprogrammer#instagram#instagramreach,2024-06-20 18:21:10.588235294,image,29.88927435153421,2,0.048160606976977605,0.9949771170448551,0.03226474151459312,0.43853501060251143,0.45400236954207474,0.09120958200891432,0.004327074669543829,0,3,6,22.248048136887988
35,2492.685148220243,1641.8681781065266,798.148732060944,28.6553681300934,20.828231005741426,34.09924949180549,6.001150853691334,0.0,87.06366491531824,3.9723313832263005,2.0372089463358565,python one best programming language numerical calculation know calculate mean median mode using python without using builtin python library module here calculate mean median mode using python,#python#pythonprogramming#pythoncode#pythonlearning#pythondeveloper#pythonprogrammer#pythonprojects#python3#pythoncoding#pythonprogramminglanguage#amankharwal#thecleverprogrammer#nlp#naturallanguageprocessing,2024-12-03 09:28:44.369747900,video,21.02323044119567,0,0.049621780176003966,0.9926415263743339,0.045677257326014895,0.6560919158874514,0.3149950433027783,0.011561779243325592,0.008337162995339535,1,1,11,19.0154177344127
36,2305.3396042529916,1766.9066146872842,433.6234403024426,59.57918020237362,35.664368844438464,44.46843550862841,3.0103877796614333,2.9641403533221204,85.17562442899005,7.011201750528298,2.0631815244855756,learn visualize linear regression algorithm machine learning using python find complete tutorial link bio,#data#datascience#dataanalysis#dataanalytics#datascientist#machinelearning#python#pythonprogramming#pythonprojects#pythoncode#artificialintelligence#ai#deeplearning#machinelearningprojects#datascienceprojects#amankharwal#thecleverprogrammer#machinelearningmodels,2024-04-02 00:24:12.100840336,video,2.9565482157052285,4,0.058292285540201126,1.004530206002105,0.2462196710047598,0.7555597078066991,0.18512109280200062,0.0250559357106176,0.015000541317005336,0,5,5,28.251929317585248
37,3981.3240074881874,2102.155066348079,1489.4509541033758,333.84397708872524,35.81132892349843,98.8033582944004,3.9632979528836376,11.055431296544551,159.12170426804312,14.042390322281475,3.9487416432924807,best website prepare coding interview,#data#datascience#dataanalysis#dataanalytics#datascientist#machinelearning#python#pythonprogramming#pythonprojects#pythoncode#artificialintelligence#ai#deeplearning#machinelearningprojects#datascienceprojects#amankharwal#thecleverprogrammer#instagram#instagramreach,2024-06-11 13:30:45.378151260,image,9.02810841025335,6,0.06772582607195095,1.0148196232580844,0.09914256055387424,0.5333610608769014,0.3762576640818559,0.0829572528451382,0.008952291251603113,1,11,20,19.030036156236957
38,2176.038386885518,1294.8237458193187,816.6138513702681,44.17877021570099,18.15870776857981,35.13698495099646,2.0182184829280976,0.9944531047559,72.38972325596703,18.02985339855908,0.0,looking trending unique topic working data science project data science project idea based trending unique topic try,#deeplearning#machinelearning#artificialintelligence#datascience#ai#python#coding#technology#programming#bigdata#dataanalytics#datascientist#data#computerscience#tech#neuralnetwork#amankharwal#thecleverprogrammer,2024-12-27 22:23:11.596638656,video,20.026824516674935,1,0.049863740951711526,1.00130002651264,0.04755601820220837,0.6086555170292377,0.3690707398797915,0.02102207032049828,0.008202044323362329,0,9,5,18.95507180997656
39,1953.1552660265104,1471.0400011374663,414.1103140278401,37.06747390764059,17.336168898937355,48.01596573425338,6.057540080413375,3.007584813924977,82.99204141449395,7.967861484819353,2.0189658821718988,lstm stand long short term memory network type recurrent neural network commonly used regression time series forecasting machine learning learn use lstm neural network task stock price prediction using python,#python#pythonprogramming#pythonprojects#pythoncode#pythonlearning#pythondeveloper#pythoncoding#pythonprogrammer#amankharwal#thecleverprogrammer#pythonprogram@codergallery,2024-01-28 14:31:15.630252101,video,12.957172826909144,3,0.0729018555668433,0.999636076486034,0.07325199727973918,0.748403252892066,0.21251509709621078,0.01904671447443565,0.008691857245349582,1,3,22,21.978246347491844
40,15926.274275465168,3156.1605900753048,11767.092775556144,565.4212646084829,464.8623922433004,253.97403440303844,6.048536431367347,19.82815799328289,416.44790108418107,332.77803851732835,93.8368665564861,plotting annotation visualizing data considered good practice make graph selfexplanatory example annotate graph using python,#career#job#jobs#jobsearch#education#business#success#careergoals#motivation#work#careerdevelopment#careers#goals#resume#students#careeradvice#datascience#marketing#digitalmarketing#media#socialmedia#IT#webdevelopment#amankharwal#thecleverprogrammer,2024-04-11 05:14:37.310924370,video,10.957202524705771,3,0.04298185621709969,0.9805627329757566,0.0820967776997927,0.19221532554103932,0.7415515374571112,0.035478628310226655,0.029153388740032846,1,2,21,17.130903941341433
41,4999.613845912807,2332.783359544692,2158.29179091384,320.19406948050397,74.75634381219976,165.64210450906492,3.9383002833180583,12.832868332505502,181.29339915695138,21.369610028874643,7.850545189152623,omicron variant sentiment analysis using python link bio,#data#datascience#dataanalysis#dataanalytics#datascientist#machinelearning#python#pythonprogramming#pythonprojects#pythoncode#artificialintelligence#ai#deeplearning#machinelearningprojects#datascienceprojects#amankharwal#thecleverprogrammer#whatsapp,2024-03-17 16:20:10.084033613,image,5.025376183552015,2,0.07388960790402571,1.0065064584068906,0.16852959927726463,0.46445441175921665,0.4339121244276334,0.06359785882326681,0.015177265154206959,0,2,7,19.20027365844318
42,4257.637724895782,2742.031582558963,875.6433008204943,585.2260407910001,24.604571328123455,110.97782247546091,7.952857059653987,4.019123476210904,148.56075361993157,18.830642222447302,18.2618025612664,language detection natural language processing task need identify language text document learn train machine learning model language detection using python,#stockmarket#investing#stocks#trading#money#investment#finance#forex#datavisualization#datascience#data#dataanalytics#machinelearning#dataanalysis#ai#candlestick#candlestickcharts#amankharwal#thecleverprogrammer,2024-07-30 15:19:39.831932772,image,6.140714529606111,6,0.06284740364508867,0.9989347755596949,0.14253007114814117,0.638750605826354,0.20430424683823042,0.1373021388787076,0.005662194940468012,0,2,4,18.93946780102911
43,3857.204526009097,2185.582568467187,1115.8137440035787,200.76139815914706,324.0630631570964,89.85907334184229,3.990635528232208,2.012469551932427,126.62937296581539,31.76538915341876,9.783191515350115,popular application data science finance,#datavisualization#datascience#data#dataanalytics#machinelearning#dataanalysis#artificialintelligence#python#datascientist#bigdata#deeplearning#dataviz#ai#analytics#technology#dataanalyst#programming#pythonprogramming#statistics#coding#businessintelligence#datamining#tech#business#boxplots#thecleverprogrammer#amankharwal,2024-03-26 21:10:35.294117647,video,19.176554708060397,0,0.0584426601633951,0.9830223105081304,0.04996255495014937,0.5602638503490286,0.28644671892031315,0.051881595064415045,0.08114922176359715,1,11,5,13.047130071941238
44,3831.8571689184,2626.3275052100125,621.537682122876,471.6656797259848,25.05417302882861,144.99044108122078,8.996630390001329,4.942092957847143,168.07972521348907,18.837123501494382,4.021525416644673,programming language facebook us frontend backend facebook,#data#datascience#dataanalysis#dataanalytics#datascientist#machinelearning#python#pythonprogramming#pythonprojects#pythoncode#artificialintelligence#ai#deeplearning#algorithm#algorithms#machinelearningalgorithms#ml#amankharwal#thecleverprogrammer#projects#casestudies,2024-10-27 14:07:03.529411764,carousel,8.042022022726036,2,0.08502356255337809,0.9909377269256987,0.1096491735068734,0.6980648480261639,0.16044901791707794,0.1239445906051824,0.006535077336886909,1,1,8,11.987535920135201
45,4321.758659113344,3075.427108796766,966.1195285857774,179.97870328207713,63.74385116192531,260.10658898631743,5.966952629144599,18.95984031733469,226.14303766069375,21.188448587389434,4.048769034060982,useful python script use solve realtime problem project,#data#datascience#dataanalysis#dataanalytics#datascientist#machinelearning#python#pythonprogramming#pythonprojects#pythoncode#artificialintelligence#ai#deeplearning#algorithm#algorithms#machinelearningalgorithms#ml#amankharwal#thecleverprogrammer#projects#casestudies,2024-09-17 17:08:34.285714284,video,7.913243282090873,1,0.11878051164148508,1.0108375731737096,0.11019796004453532,0.7056519313655985,0.22596577247538124,0.04221619224896443,0.014906691651430883,0,12,17,10.928499907294036
46,3664.801992979815,1756.6523818865574,1676.2451950176917,72.00740641368583,87.09039035684658,138.71276821806737,4.055162559032023,9.919669253102297,134.13877481528712,13.940501914697023,4.0128076815030544,stress anxiety depression threatening mental health people every person reason stressful life people often share feeling social medium platform like instagram form post story reddit form asking suggestion life subreddits past year many content creator come forward create content help people mental health many organization use stress detection find social medium user stressed help quickly want learn use machine learning detect stress social medium post data science project detection stress social medium post machine learning using python link bio,#healthcare#health#covid#data#datascience#dataanalysis#dataanalytics#datascientist#machinelearning#python#pythonprogramming#pythonprojects#pythoncode#artificialintelligence#ai#dataanalyst#amankharwal#thecleverprogrammer,2024-01-16 08:04:02.016806722,image,6.9128245017802055,2,0.07742136464231737,1.0075372760043202,0.12561227406100922,0.4902199647606012,0.47128142760570924,0.019908306227930894,0.023816450814366907,1,12,19,16.952411804480455
47,2843.8186760049543,2090.216962682946,585.3813110376983,76.15403489053551,33.96648000373984,65.84403430695295,3.0228878038029676,2.9386385486573006,113.24591240714118,30.030121900042,4.056259824093599,best data science project idea based recommendation system try,#data#technology#datascience#business#tech#bigdata#dataanalytics#machinelearning#ai#analytics#datavisualization#security#artificialintelligence#cybersecurity#programming#python#software#coding#network#internet#cloud#dataanalysis#innovation#datascientist#database#amankharwal#thecleverprogrammer#facebook,2024-10-03 01:12:36.302521008,carousel,23.55528063793997,2,0.06624750685472022,0.9953429010285075,0.040533475709715765,0.7420769192550637,0.20714813382281444,0.026864119077516756,0.012040185112714628,1,8,17,29.98138673561648
48,7507.8993391789045,2760.6141927476797,1938.1681114885935,2217.9356267069393,230.31857060405065,286.8749776357674,5.0935843686167654,14.892818040686597,261.43568280503456,39.20579500624695,17.936066660024878,important data visualization every financial data analystscientist know,#datavisualization#datascience#datasciencejobs#datasciencetraining#datascienceeducation#datasciencecourse#data#dataanalysis#dataanalytics#datascientist#machinelearning#artificialintelligence#ai#deeplearning#machinelearningprojects#datascienceprojects#amankharwal#thecleverprogrammer,2024-07-27 13:42:51.428571428,carousel,9.083987431309081,1,0.076684299557998,0.997157299960185,0.09917876453104768,0.3825756612045699,0.2649292736830701,0.3029251362191948,0.030152315643345078,0,3,6,16.899704998387936
49,10509.445582220373,4123.673212479336,3620.1973204939645,2371.6850263472943,201.20666062125736,666.3770685403462,7.976566650689036,40.594515457180194,328.59972781345135,41.64675360676955,37.98383971687185,data science use case here zomato using data future business model,#stockmarket#investing#stocks#trading#money#investment#finance#forex#datavisualization#datascience#data#dataanalytics#machinelearning#dataanalysis#ai#candlestick#candlestickcharts#amankharwal#thecleverprogrammer,2024-04-29 14:55:27.731092436,image,6.923380437866317,6,0.10205323896631119,0.9946641910519339,0.12348177799169763,0.40965854141186914,0.335984433502275,0.22856859178372776,0.019406120934639205,0,7,16,17.227758729631464
50,2995.7472929956084,1928.9068574764165,786.5957110850807,84.58274609970191,141.0421110521231,42.21247610907656,4.006221755776769,0.9894622722341317,126.14260088166942,30.790541613064708,10.031576233973691,here visualize interactive candlestick chart using python,#data#datascience#dataanalysis#dataanalytics#datascientist#machinelearning#python#pythonprogramming#pythonprojects#pythoncode#artificialintelligence#ai#deeplearning#machinelearningprojects#datascienceprojects#amankharwal#thecleverprogrammer#news,2024-05-30 07:03:31.764705882,video,22.8835975369649,0,0.05669615659725644,0.9868800062413542,0.04200308285997628,0.6508158649701137,0.26445017295773826,0.027821764122504564,0.04610710067083928,0,12,9,18.764953357568103
51,7001.4308612113355,2544.896679045336,4220.04547044134,797.7369580720417,82.00057107493743,341.966299408099,9.0135454948749,16.07352637208981,234.72525738838803,19.961809727254966,11.972419534242187,important tool use daily data scientistanalyst,#neuralnetwork#machinelearning#artificialintelligence#deeplearning#python#ai#datascience#neuralnetworks#programming#tensorflow#datascientist#pythonprogramming#tech#technology#artificialintelligenceai#machinelearningalgorithms#computerscience#coding#ml#data#amankharwal#thecleverprogrammer,2024-04-17 08:28:14.117647058,image,8.968871668365688,3,0.08584991473626834,0.994798746269958,0.10021156844501695,0.36780345396571074,0.6091864270710319,0.11245595643949381,0.011828763791966878,0,10,5,16.944425707557112
52,2952.9609612843587,1716.859675381382,1057.3717943442673,84.75744444154384,47.295011016164764,48.0601115608361,1.9942493354924338,1.0043631496200751,99.89869273105748,12.022541805186295,4.035594902958562,here amazon us data ecommerce platform hope post help understand amazon using data science improve quality service,#finance#money#business#investing#investment#trading#stockmarket#data#datascience#dataanalysis#dataanalytics#datascientist#machinelearning#python#pythonprogramming#pythonprojects#pythoncode#artificialintelligence#ai#dataanalyst#amankharwal#thecleverprogrammer,2024-02-19 01:48:54.453781512,carousel,37.1723762351455,2,0.050937426780802264,1.0129655264727337,0.026263472069281923,0.5841581451456836,0.35677420528138326,0.028476260197693344,0.01639767888880821,1,7,5,17.05869192290049
53,6430.63046586538,2801.4692864367325,2975.2459421165163,469.31756398853776,70.85839124047817,248.713347208623,11.066311584688144,8.088645254831615,212.82384217461046,22.391584125285956,3.9502112822613946,neural network computational structure connects input layer output layer here neural network work,#datascience#datasciencejobs#datasciencetraining#datascienceeducation#datasciencecourse#data#dataanalysis#dataanalytics#datascientist#machinelearning#artificialintelligence#ai#deeplearning#machinelearningprojects#datascienceprojects#amankharwal#thecleverprogrammer,2024-07-21 10:29:14.621848740,video,6.952376062711464,2,0.07483306709025413,0.9983400208040525,0.12570739799638772,0.43705751664032855,0.46774421851292136,0.07285035050246645,0.011491023368357353,0,1,11,16.91460831327797
54,10765.361117997554,3155.7574082621763,6553.007837214476,623.3772153331439,187.7683538155864,222.81754286642428,13.09385239607675,15.125970676670182,295.5048842576062,308.70444342348884,75.39594952652477,here amazon us data ecommerce platform hope post help understand amazon using data science improve quality service,#python#pythonprogramming#pythonprojects#pythoncode#pythonlearning#pythondeveloper#pythoncoding#pythonprogrammer#amankharwal#thecleverprogrammer,2024-04-14 06:51:25.714285714,video,8.884687014944735,5,0.05084850879642865,1.0062952654887465,0.10037153390165325,0.2959286680607113,0.6210296128876424,0.058239536324809466,0.017625074239648757,0,2,2,11.247470027933554
55,4018.7987629415993,2394.6528488035815,804.6110096594668,550.7492782419622,64.19469523935553,116.86191259388261,6.063924905228102,8.989869804425265,141.07002835822826,13.232797768930343,0.0,want know predict future price cryptocurrency machine learning help learn predict future price bitcoin machine learning using python,#datavisualization#datascience#data#dataanalytics#machinelearning#dataanalysis#artificialintelligence#python#datascientist#bigdata#deeplearning#dataviz#ai#analytics#technology#dataanalyst#programming#pythonprogramming#statistics#coding#businessintelligence#datamining#tech#business#boxplots#thecleverprogrammer#amankharwal,2024-12-12 14:19:09.579831932,video,8.058925347214206,6,0.06798817665842839,1.0244375859991244,0.1108311371566135,0.6094683656471449,0.20007193409310509,0.13578389746635278,0.016164538702129944,0,2,17,28.369007803796322
56,4896.753905448646,2153.5065126235017,2241.9091847457416,359.8195326799348,98.97780892408308,141.81182485283625,8.854889846974288,2.0153480608838623,187.9040999376162,25.768089294590403,6.032905554284325,best youtube channel follow learn data science,#stockmarket#investing#stocks#trading#money#investment#finance#forex#datavisualization#datascience#data#dataanalytics#machinelearning#dataanalysis#ai#candlestick#candlestickcharts#amankharwal#thecleverprogrammer,2024-01-22 11:17:38.823529411,image,8.962410866234563,2,0.06938939234227316,1.009701435526983,0.10131342706760987,0.4285660604565251,0.4493215987941286,0.07117733433082048,0.019532922669718462,1,9,9,17.716682515751312
57,3384.6474764052655,1973.077527401307,1021.0223871276268,244.55766354535373,43.696805177152385,98.64481132532494,0.9890149568856191,6.887002595929449,113.47417755516392,15.885654420295428,5.974653325411561,learn create interactive language translator using python programming language,#stockmarket#investing#stocks#trading#money#investment#finance#forex#datavisualization#datascience#data#dataanalytics#machinelearning#dataanalysis#ai#candlestick#candlestickcharts,2024-05-11 21:22:41.344537814,image,15.92823875988101,2,0.06535632621665548,0.9904619000236164,0.0586258733831528,0.5714392025100937,0.2996338155107705,0.07223218605705345,0.013012840406907958,1,2,21,21.10671188706939
58,4460.144123791165,1907.1873222078405,1865.6410527636835,490.43896224349913,60.79490009751298,89.13540675037586,3.043973548387888,16.058701926285828,148.15942844691995,15.055033547341926,0.0,here get live stock price data company using python programming language,#python#pythonprogramming#pythonprojects#pythoncode#pythonlearning#pythondeveloper#pythoncoding#pythonprogrammer#amankharwal#thecleverprogrammer#pythonprojects#qrcodes,2024-08-08 20:10:05.042016808,carousel,4.9209913576367255,5,0.05792458741503956,0.9948073516764636,0.1653700855716548,0.43063953104518654,0.4128582520761675,0.10851113971780457,0.013454185151246285,0,9,18,21.080205119859297
59,3242.7916358222255,2517.726148657662,168.0464962049462,369.9522834937615,139.56205305005804,150.64660235875996,5.013716656034196,14.297225033483862,131.3445829318119,15.06266805678642,6.00335666318742,database used facebook,#python#pythonprogramming#pythonprojects#pythoncode#pythonlearning#pythondeveloper#pythoncoding#pythonprogrammer#amankharwal#thecleverprogrammer#coding#programming#computerscience#datascience#webdevelopment#machinelearning,2024-07-24 12:06:03.025210084,image,5.04537616873548,5,0.09161825035165733,0.9918281650073466,0.16691407152507418,0.7637133569425565,0.05168570174250924,0.1102750633822162,0.04250215180087807,0,3,21,23.80056661874581
60,5041.048495271193,1772.839526881477,3048.5696882334164,68.4458938336113,73.5625997951873,42.05214617237381,6.962463866821931,5.890297140276779,115.23368446510253,38.6117895278075,12.010074052269578,data science time series analysis method analyzing data collected interval time stock price data covid case data example timeseries data time series analysis help understand underlying cause trend pattern particular time interval one topic every data scientist know perfectly looking best book learn time series analysis choose one among book,#stockmarket#investing#stocks#trading#money#investment#finance#forex#datavisualization#datascience#data#dataanalytics#machinelearning#dataanalysis#ai#candlestick#candlestickcharts,2024-09-11 13:54:57.478991596,video,21.22844203901809,6,0.033658378948914075,1.0075531441281778,0.04608166899135246,0.35812876116677034,0.6162098771631112,0.013579775787181931,0.015217420435283936,0,9,15,16.829773461033913
61,6407.7796835233485,2191.059324421008,3997.910741377826,47.44323338441914,26.75459898711281,173.4077137409197,8.030475274920711,5.003973077710956,245.5553675348419,21.323715209389874,10.078002591200189,natural language processing nlp subfield artificial intelligence build application interact human complete process follow working every problem based natural language processing,#timeseries#time#statistics#datascience#bigdata#machinelearning#python#ai#timeseriesanalysis#datavisualization#dataanalytics#data#iot#analysis#timeseriesmalaysia#artificialintelligence#analytics#amankharwal#thecleverprogrammer,2024-03-23 19:33:46.890756302,carousel,17.15563966817275,6,0.06922702358832154,1.0060694524157285,0.055118247131270295,0.34694248019882623,0.6302223131726171,0.007673146580212217,0.004196050171406465,0,5,19,18.051166322278718
62,4176.228199270675,1691.2545410403193,2457.3362709882904,36.1560953357057,50.00366763048926,110.25102616424665,2.0011092647408057,0.9951230741009655,178.39397677290776,7.922618690753971,8.277811912627666,best data science project idea resume try,#stockmarket#investing#stocks#trading#money#investment#finance#forex#datavisualization#datascience#data#dataanalytics#machinelearning#dataanalysis#ai#candlestick#candlestickcharts,2024-02-28 06:39:19.663865546,carousel,5.99430150565395,6,0.06799490298498763,0.9967961027023886,0.14430868826165766,0.3976678915276264,0.5761061048838411,0.0086496464323207,0.01182990370689427,0,10,13,16.930845872907163
63,3473.397188835022,1663.7264768202394,1288.4679057985738,166.5327927942022,231.1719331465768,38.04517663431584,0.0,0.0,108.15101339288935,45.35510844923209,7.9402454477322015,best python library data visualization learn data science,#data#datascience#dataanalysis#dataanalytics#datascientist#machinelearning#python#pythonprogramming#pythonprojects#pythoncode#artificialintelligence#ai#deeplearning#algorithm#algorithms#machinelearningalgorithms#ml#amankharwal#thecleverprogrammer,2024-10-18 09:16:38.319327732,carousel,14.039572444133423,6,0.04238154694521912,1.0095345999897574,0.06654744079752549,0.4779049807764124,0.37427951868066045,0.048000692608827465,0.06834697712350983,1,10,2,18.023633985680604
64,7599.980503095885,3711.924883364723,829.6355186641349,1721.3011592226455,1120.1996101877473,410.0564235170227,7.009686644377743,12.003039194314553,266.2786908675025,50.59050300838008,46.71740215959019,here create qr code using python programming language,#timeseries#time#statistics#datascience#bigdata#machinelearning#python#ai#timeseriesanalysis#datavisualization#dataanalytics#data#iot#analysis#timeseriesmalaysia#artificialintelligence#analytics#amankharwal#thecleverprogrammer,2024-11-02 17:20:40.336134452,image,8.153398782072228,5,0.09427954554401438,0.990224248132305,0.11163300675196663,0.4936911560337695,0.11081283772553616,0.23160722856683577,0.1484375960446988,1,7,20,10.033036626428625
65,3289.5835868519935,1489.6205378361346,1433.7238507276772,183.62132808599026,148.4439944677779,37.636454191107994,3.0165956792726636,4.986972361943294,96.30070883400457,37.28715076233567,12.175787594830217,clustering machine learning technique used classify data point charaterized specific feature group unsupervised machine learning method data deal labelled best machine learning project idea clustering try,#python#pythonprogramming#pythonprojects#pythoncode#pythonlearning#pythondeveloper#pythoncoding#pythonprogrammer#amankharwal#thecleverprogrammer#pythonprojects#otp#otpverification,2024-01-25 12:54:27.226890756,video,18.20710735095789,2,0.04216500804967642,0.9922781035958181,0.05288713796174159,0.4426023630546846,0.42584878081681377,0.05412733613600393,0.04436571260189248,1,4,23,19.35139970321441
66,3802.121833335691,2324.134913715162,442.27954803053706,248.1098719903371,530.3207924087051,116.37751696980575,6.0148857517610885,0.0,135.57165789835236,24.81456904596733,10.07462047278758,best website follow learn everything data science,#data#datascience#dataanalysis#dataanalytics#datascientist#machinelearning#python#pythonprogramming#pythonprojects#pythoncode#artificialintelligence#ai#deeplearning#machinelearningprojects#datascienceprojects#amankharwal#thecleverprogrammer#machinelearningmodels#stress#stressdetection,2024-02-09 20:58:29.243697479,image,18.19940027595673,6,0.06715548671581849,0.9982798631908041,0.05284423975174677,0.6186921007339572,0.11464662620620922,0.06512851066423145,0.14218240528071271,1,11,3,9.989091012466758
67,10854.958305353113,3096.0471295834063,6648.890339470563,630.8610185690011,332.14950779322953,227.39815591487186,12.889314204238529,14.873937952345747,302.33374482538716,345.4484164125045,92.52322406973924,best data analysis project idea try show resume project help show data analysis skill,#python#pythonprogramming#pythonprojects#pythoncode#pythonlearning#pythondeveloper#pythoncoding#pythonprogrammer#amankharwal#thecleverprogrammer#naturallanguageprocessing#nlp,2024-09-14 15:31:45.882352940,video,8.948899914206637,1,0.04945789109555545,0.9863610618030197,0.10050702856463106,0.2939395737530774,0.6104331098003017,0.0574768379480386,0.03041157651359058,0,8,20,10.967285428656922
68,5086.581154189127,2102.849258351894,2242.605683687609,359.99640010421064,111.09090319558611,143.57384159719516,8.945477980331503,2.018019646480078,186.99908772866627,26.313175260785275,6.0593861787617165,here create qr code using python programming language,#data#datascience#dataanalysis#dataanalytics#datascientist#machinelearning#python#pythonprogramming#pythonprojects#pythoncode#artificialintelligence#ai#deeplearning#machinelearningprojects#datascienceprojects#amankharwal#thecleverprogrammer#machinelearningmodels#zomato#business#casestudy#businessmodel,2024-01-10 04:50:25.210084033,image,9.015077169837102,6,0.06839079012161821,0.987960382236336,0.09835845010958613,0.4161668299459255,0.44930476538363945,0.07247135394718685,0.021682290912488574,0,9,16,18.013554687811865
69,3605.0044092260023,1603.6306986220902,1518.075145473438,175.45629452870043,168.5733972021722,50.91979897876734,0.0,2.951764950676966,94.59210193166587,48.24852108337246,9.908740177845631,natural language processing nlp subfield artificial intelligence build application interact human complete process follow working every problem based natural language processing,#data#datascience#dataanalysis#dataanalytics#datascientist#machinelearning#python#pythonprogramming#pythonprojects#pythoncode#artificialintelligence#ai#deeplearning#machinelearningprojects#datascienceprojects#amankharwal#thecleverprogrammer,2024-02-22 03:25:42.857142857,carousel,20.85087796335296,6,0.041042219130618174,0.9947536768585916,0.04542045694126489,0.43671257364119054,0.4212794740342581,0.04866785847191911,0.046963322688885145,1,9,10,19.976099749206693
70,3451.308411656999,1996.9932019245407,1026.8823181016512,244.8730902392634,71.25146215386191,103.39789375472348,1.0102643426403572,7.012746986721714,112.94479756745663,16.089869447222103,6.0395057577070155,important soft skill every data scientist,#python#pythonprogramming#pythoncode#pythonlearning#pythondeveloper#pythonprogrammer#pythonprojects#python3#pythoncoding#pythonprogramminglanguage#amankharwal#thecleverprogrammer#nlp#naturallanguageprocessing,2024-04-26 13:18:39.327731092,carousel,16.112920808228832,6,0.0642057971600584,0.9769976922630873,0.05952572408653932,0.5701846018237323,0.2928546813916859,0.07015508431135084,0.02046514428085498,0,10,7,20.724856187704678
71,3548.3840739929774,1313.6059095495227,1683.7997636124685,180.79268839439456,293.2365410828367,32.59633137315792,4.995449846024138,0.0,96.7248158855235,26.003126471375243,3.961868091262532,must seen news divided category go news website learn classify news article machine learning using python,#career#job#jobs#jobsearch#education#business#success#careergoals#motivation#work#careerdevelopment#careers#goals#resume#students#careeradvice#datascience#marketing#digitalmarketing#media#socialmedia#IT#webdevelopment#amankharwal#thecleverprogrammer,2024-12-24 20:46:23.193277312,video,15.929043928706644,3,0.03834564480673812,0.978292449906818,0.05842770586014652,0.378459926935797,0.47225339447813425,0.05244199746038252,0.08189573500985908,1,11,0,18.20945291028731
72,3575.821940417182,2544.506597549101,183.8938519667546,447.8145596002625,299.3841039289335,175.011472473455,4.9618178106359325,14.920346769439455,137.0852977998881,16.782394646292314,11.942796228658512,python program count number capital letter file,#python#pythonprogramming#pythonprojects#pythoncode#pythonlearning#pythondeveloper#pythoncoding#pythonprogrammer#amankharwal#thecleverprogrammer#coding#programming#computerscience#datascience#webdevelopment#machinelearning,2024-01-19 09:40:50.420168067,video,4.993208438429179,4,0.09164992105082018,1.0006195136761435,0.16359753719963072,0.6950495178248618,0.0508375182739322,0.12432919635159981,0.08335520201104372,0,7,7,23.84568462781935
73,5587.5211731489235,1789.739995169987,3164.4397875170725,212.60268879176525,169.9161033458615,46.00741274002409,6.934688597947636,5.974190493538296,120.98981929686741,51.88390553446236,15.880442164290459,real world application python industry,#data#datascience#dataanalysis#dataanalytics#datascientist#machinelearning#python#pythonprogramming#pythonprojects#pythoncode#artificialintelligence#ai#deeplearning#algorithm#algorithms#machinelearningalgorithms#amankharwal#thecleverprogrammer,2024-08-24 04:14:07.058823528,image,20.977075108773295,6,0.03255801290213955,0.9931423155662229,0.046084913809129165,0.3247449878761101,0.5859023845092146,0.03818323309320425,0.03006453074117296,0,8,17,17.01792653104171
74,6630.419531794686,2228.808405432687,4096.3472177813555,160.72553418317662,70.98056237625887,180.52911677296166,8.132898035366411,5.863437421346626,259.0704980580749,21.707999182229088,11.914061074298925,time series analysis mean analyzing finding pattern time series dataset timeseries dataset sequence data collected interval time learn time series analysis using python,#machinelearning#machinelearningalgorithms#datascience#dataanalysis#dataanalytics#datascientist#python#pythonprogramming#pythonprojects#pythoncode#artificialintelligence#ai#deeplearning#algorithm#algorithms#amankharwal#thecleverprogrammer,2024-12-06 11:05:32.773109244,video,17.292722123393087,3,0.0685777336234104,0.9756773879727323,0.05591750765708541,0.33896584994503876,0.6107278865624693,0.024426643414428115,0.011155002939084368,1,10,17,18.105563005745285
75,3624.910760227741,1175.1584534751535,1515.6474783058839,160.63599871609094,649.6895975562384,34.12057056872859,3.05504082449086,0.0,93.40654208425138,40.12943584478803,7.9564090981527835,best data analysis project idea try show resume project help show data analysis skill,#datavisualization#datascience#data#dataanalytics#machinelearning#dataanalysis#artificialintelligence#python#datascientist#bigdata#deeplearning#dataviz#ai#analytics#technology#dataanalyst#programming#pythonprogramming#statistics#coding#businessintelligence#datamining#tech#business#computerscience#tableau#database#thecleverprogrammer#amankharwal,2024-10-15 07:39:49.915966384,video,8.944323500865558,3,0.036227095035959035,1.0007615875936346,0.10106926391338673,0.3292555618829659,0.4189342292424184,0.04366133751151187,0.1779253739446275,0,6,11,12.057656547071415
76,10518.416474785932,2121.9945711222736,7861.387262477512,249.2373573341045,240.20656501192025,97.95876133704593,9.024674121306445,1.00879017963017,247.06887875991637,153.02572698948197,32.36676790374938,data science time series analysis method analyzing data collected interval time stock price data covid case data example timeseries data time series analysis help understand underlying cause trend pattern particular time interval one topic every data scientist know perfectly looking best data science project idea time series analysis try work project,#python#pythonprogramming#pythonprojects#pythoncode#pythonlearning#pythondeveloper#pythoncoding#pythonprogrammer#amankharwal#thecleverprogrammer#pythonprojects,2024-06-14 15:07:33.781512604,carousel,26.588312329503253,2,0.033662709113800544,0.9960961034675623,0.03597149934327153,0.1972117384891718,0.7515766339786712,0.02342570285855108,0.022588639066851983,1,5,8,17.987353996852626
77,4411.93162506087,2469.4062260024016,1594.1258450529408,191.44423939104814,68.98101712158501,172.71765742716056,5.9621070238532115,11.0905734356264,190.65688857557475,12.028620978679838,8.161787200049504,real world application python industry,#python#pythonprogramming#pythonprojects#pythoncode#pythonlearning#pythondeveloper#pythoncoding#pythonprogrammer#amankharwal#thecleverprogrammer#naturallanguageprocessing#nlp,2024-06-02 08:40:20.168067226,carousel,6.982713218797792,0,0.08501273629565842,1.0123519651612136,0.12648413215447812,0.5642847224530644,0.3602971478271714,0.04312044363695699,0.01558390655144683,0,6,21,17.339107358760174
78,2964.6689924778193,1949.6591436255612,353.18861362631475,211.68401283025727,365.32141449326303,70.15092420872952,4.067042756615921,1.9873706397723037,118.36944150908168,22.16134756301595,16.053843231110424,important python library data science know fundamental python library work kind data science problem,#dataanalytics#datascience#data#machinelearning#datavisualization#bigdata#artificialintelligence#datascientist#python#analytics#ai#dataanalysis#deeplearning#technology#programming#coding#dataanalyst#business#pythonprogramming#datamining#tech#businessintelligence#database#computerscience#statistics#powerbi#dataanalysisprojects#businessanalytics#thecleverprogrammer#amankharwal,2024-09-02 09:04:32.268907564,image,7.0196878660675575,4,0.06476666393117315,1.0001998493392312,0.12682833403001356,0.6638942783263818,0.1191010655692764,0.07391976763710686,0.12588875022449683,1,3,4,10.722511699052134
79,5543.300431754995,2645.234739038331,2425.297887450141,418.26471119646465,63.2848151520007,148.29595054441504,5.94256986499148,5.997691467539809,177.91614853897488,20.239413254619443,5.932509393349982,here visualize interactive candlestick chart using python,#python#pythonprogramming#pythonprojects#pythoncode#pythonlearning#pythondeveloper#pythoncoding#pythonprogrammer#amankharwal#thecleverprogrammer#pythonprojects,2024-05-21 02:13:06.554621848,video,22.889588162364134,0,0.06054613588965757,0.9948384116469072,0.04196913579058956,0.4720538145692679,0.42629756664754154,0.07436695451927398,0.011541651099581326,0,4,4,17.98509433047069
80,4656.233614119312,2228.3545012976992,1654.2656608028183,361.903982996003,308.64919441928544,204.5995935909152,6.970162015135826,11.97711769246073,170.2827102983012,22.8675802666984,10.010748798455857,one popular use case data science task sentiment analysis product review sold ecommerce platform learn analyze sentiment flipkart review using python,#data#datascience#dataanalysis#dataanalytics#datascientist#machinelearning#python#pythonprogramming#pythonprojects#pythoncode#artificialintelligence#ai#deeplearning#machinelearningprojects#datascienceprojects#amankharwal#thecleverprogrammer#machinelearningmodels#stress#stressdetection,2024-09-05 10:41:20.672268908,carousel,6.9380429538632935,1,0.08559190922710593,0.9929417559864386,0.12555067702822895,0.48004296282766723,0.36923071711908895,0.07837963462684441,0.06678984221297198,1,5,8,17.159640232749695
81,5335.943015017266,2673.7372143220423,1986.3811013837885,422.5668136704201,116.2562114152344,315.6903903420459,8.912441839793654,22.12677485627442,248.8567324200974,24.972427258727173,10.048314054213607,here write python program detect whether sentence question idea find word see beginning question beginning sentence,#data#datascience#dataanalysis#dataanalytics#datascientist#machinelearning#python#pythonprogramming#pythonprojects#pythoncode#artificialintelligence#ai#deeplearning#machinelearningprojects#datascienceprojects#amankharwal#thecleverprogrammer#bitcoin#cryptocurrency,2024-07-06 02:25:12.605042016,video,15.750912599169425,2,0.11362887731650186,0.9984472310482753,0.0593869309024622,0.5123614696903511,0.3836696903080122,0.08006167232664378,0.021277519148664638,1,10,11,17.857331292569548
82,5023.981968940824,2002.2522378936617,2353.0930606939187,295.72380744425226,108.32669974790267,100.36648412175862,6.967325324870677,10.888737894903477,162.02821366960316,16.940815919742107,6.024772146012574,best youtube channel follow learn data science,#programming#coding#programmer#python#developer#javascript#technology#code#coder#java#html#computerscience#tech#css#webdeveloper#software#webdevelopment#codinglife#softwaredeveloper#linux#programmingmemes#webdesign#programmers#php#programminglife#machinelearning#hacking#pythonprogramming#thecleverprogrammer#amankharwal,2024-12-21 19:09:34.789915964,video,49.355925536779004,0,0.05570338511091916,0.988467638037267,0.019530142271758377,0.3953179555489433,0.4585004566735892,0.059001235875536795,0.021670569593458255,0,7,21,19.34662832723401
83,4058.199010338969,3427.0359871147516,275.4946380366887,126.43019195136387,72.72070884418663,110.1264658358304,17.138056071307815,18.029605427923748,207.13703885008525,15.916322134314328,2.011160512355174,stress anxiety depression threatening mental health people every person reason stressful life people often share feeling social medium platform like instagram form post story reddit form asking suggestion life subreddits past year many content creator come forward create content help people mental health many organization use stress detection find social medium user stressed help quickly want learn use machine learning detect stress social medium post data science project detection stress social medium post machine learning using python link bio,#data#datascience#dataanalysis#dataanalytics#datascientist#machinelearning#python#pythonprogramming#pythonprojects#pythoncode#artificialintelligence#ai#deeplearning#machinelearningprojects#datascienceprojects#amankharwal#thecleverprogrammer#machinelearningmodels#zomato#business#casestudy#businessmodel#amazonfinds,2024-08-30 07:27:43.865546216,image,33.8678082365365,4,0.08906514656642688,1.0063280387225357,0.02908612964005168,0.8286474863423513,0.07042860094177744,0.03171618285271764,0.018119362600446994,1,6,1,25.068349630528363
84,3125.736074272665,1985.5595776983432,706.3972253365345,338.6885612145228,31.602503887743055,106.93345666470157,7.99152083617342,1.0052557670089244,123.32349699811573,20.502960457603784,1.9943214324374468,python program count number capital letter file,#datavisualization#datascience#data#dataanalytics#machinelearning#dataanalysis#artificialintelligence#python#datascientist#bigdata#deeplearning#dataviz#ai#analytics#technology#dataanalyst#programming#pythonprogramming#statistics#amankharwal#thecleverprogrammer,2024-10-12 06:03:01.512605040,carousel,49.77128335454467,3,0.07559758936724419,1.010704763802098,0.01940105256368123,0.6234362204446071,0.2247816190304509,0.10712153374546701,0.010064471466569191,0,6,18,18.605082553781312
85,6060.9134246039885,2185.5383735781934,3444.7686402690038,152.3809952753859,295.1406534416559,81.4957911059014,5.947613432937559,6.040647824046182,151.74108474480641,77.11254590871432,29.787737485821413,important tool use daily data scientistanalyst,#finance#money#business#investing#investment#trading#stockmarket#data#datascience#dataanalysis#dataanalytics#datascientist#machinelearning#python#pythonprogramming#pythonprojects#pythoncode#artificialintelligence#ai#dataanalyst#amankharwal#thecleverprogrammer,2024-05-05 18:09:04.537815126,image,79.21911421879364,1,0.039681100355530914,0.9851238524281501,0.012310300901349928,0.3483814547692944,0.5635900676513678,0.024667574848111697,0.04742650879350655,1,3,5,20.23145460313621
86,2386.0281223978072,1324.0219768695652,662.2396238528859,278.6426762898531,39.167632830186086,39.68691436022061,7.926565959533839,19.890298139647754,72.7762327957089,9.93312012322383,0.0,best data science project idea resume try,#data#technology#datascience#business#tech#bigdata#dataanalytics#machinelearning#ai#analytics#datavisualization#security#artificialintelligence#cybersecurity#programming#python#software#coding#network#internet#cloud#dataanalysis#innovation#datascientist#database#amankharwal#thecleverprogrammer#google,2024-06-26 21:34:47.394957982,carousel,11.024882969672252,2,0.0584652538336821,1.0066096554558353,0.08465640595035862,0.5523836818791175,0.27321536266985963,0.1145843090139939,0.016188187799647983,1,1,23,22.094024769176947
87,3622.8878833681324,1745.3484129589647,1661.9328267215908,72.53633137799746,85.24052444533703,135.92722097247702,4.017837260313277,9.797609721389586,137.5974739613625,14.045219235273587,3.972586847046234,activation function function used neural network calculating weighted sum input bias done determine neuron activated happens input layer receives training data training neural network hidden layer used calculation help finding relationship feature data output layer give result controlled activation function placed hidden layer produce result neural network,#data#datascience#dataanalysis#dataanalytics#datascientist#machinelearning#python#pythonprogramming#pythonprojects#pythoncode#artificialintelligence#ai#deeplearning#algorithm#algorithms#machinelearningalgorithms#ml#amankharwal#thecleverprogrammer#softskills,2024-05-27 05:26:43.361344538,image,7.078882540416891,3,0.07955934535651271,1.006862198433341,0.12464104000949104,0.48115256149939556,0.4723018043043289,0.020168225732108244,0.02335279132274692,1,5,0,16.820928557890042
88,2820.591162387853,2096.4296639423733,587.1495837791481,76.50194261619089,34.37024381253483,67.14525110914316,3.010975625674952,3.009735396799437,113.60263181362853,29.595645316548268,3.9865811438243433,two best way count number letter string using python,#coding#programming#programmer#python#developer#javascript#code#coder#technology#html#computerscience#codinglife#java#webdeveloper#tech#css#webdevelopment#software#softwaredeveloper#interview#job#codinginterview#amankharwal#thecleverprogrammer,2024-11-05 18:57:28.739495796,carousel,23.8452450772353,3,0.06621681534176196,1.003623952874258,0.04001174792417338,0.7428299224787229,0.20802008068216116,0.027040180263907254,0.012060519505287954,1,5,21,29.937031631144663
89,7344.105339356835,2784.8765820808803,1899.607958130331,2196.325062038885,229.420873077546,288.663573196447,4.967936886217748,15.006679356943593,264.99791134827734,39.70876012577111,18.36212375800307,important machine learning algorithm every beginner machine learning know,#neuralnetwork#machinelearning#artificialintelligence#deeplearning#python#ai#datascience#neuralnetworks#programming#tensorflow#datascientist#pythonprogramming#tech#technology#artificialintelligenceai#machinelearningalgorithms#computerscience#coding#ml#data#amankharwal#thecleverprogrammer,2024-06-23 19:57:58.991596638,carousel,9.037541498907629,1,0.07662879229515841,1.002927532938782,0.10034126449878372,0.3785588502525793,0.26726999273282476,0.30098598770899976,0.030773423590814197,0,6,14,17.25174322615035
90,10409.933753209543,4100.1619204478375,3523.236333412748,2368.9466335719985,205.21279413487105,666.3471547632977,7.958651542990383,42.46550520767736,329.46995853145535,42.708882641973254,37.66704712743358,boxplot statistical data visualization technique analyzing distribution pattern numerical data point dataset represents quartile quartile median maximum minimum data point feature help understand distribution numerical value dataset here analyze box plot data scientist,#stockmarket#investing#stocks#trading#money#investment#finance#forex#datavisualization#datascience#data#dataanalytics#machinelearning#dataanalysis#ai#candlestick#candlestickcharts#amankharwal#thecleverprogrammer,2024-08-18 01:00:30.252100840,image,6.964944124026495,5,0.10092472434709006,1.0107454252095527,0.12461213964940826,0.3958514627495343,0.3429035636691972,0.22873621999678534,0.019567884612622884,0,11,6,17.079348431915633
91,2952.087778542268,1943.5053884875292,786.4945117827915,83.70026495807517,140.6653887313842,43.00696871912703,4.005465124364496,1.0047590024279485,126.24458059879622,31.196742605961802,9.792364010676883,database google us,#data#datascience#dataanalysis#dataanalytics#datascientist#machinelearning#python#pythonprogramming#pythonprojects#pythoncode#artificialintelligence#ai#deeplearning#algorithm#algorithms#machinelearningalgorithms#amankharwal#thecleverprogrammer,2024-04-08 03:37:48.907563025,carousel,23.11418151575504,6,0.056918345227402585,1.0092860965943231,0.04119140309097114,0.6463479650585352,0.2622118694591652,0.028030708700681146,0.04639841372476863,1,3,16,18.84516108906981
92,3045.1889321390445,2587.9942171807343,199.70662613918986,120.31290990743878,87.51705264748871,63.451108714763286,4.999031993087706,13.935633650184325,127.52298180128389,13.79801179396169,1.9927503637645725,popular programming language us,#machinelearning#machinelearningalgorithms#datascience#dataanalysis#dataanalytics#datascientist#python#pythonprogramming#pythonprojects#pythoncode#artificialintelligence#ai#deeplearning#algorithm#algorithms#amankharwal#thecleverprogrammer,2024-12-09 12:42:21.176470588,video,7.02798849807857,4,0.07002581784287322,0.9958059553364947,0.12278109128179766,0.8534617461548739,0.06773051211410244,0.039033156803463795,0.028723460055561086,1,8,1,29.594041908806737
93,4603.479009203304,2368.1236271193316,1243.7469391538,883.1287909139481,25.652733963679378,144.7257576587073,7.922559558465489,2.996772632189955,160.02300733184146,9.968708086780032,3.9695050158493657,prepare first data science interview,#machinelearning#machinelearningalgorithms#datascience#dataanalysis#dataanalytics#datascientist#python#pythonprogramming#pythonprojects#pythoncode#artificialintelligence#ai#deeplearning#algorithm#algorithms#amankharwal#thecleverprogrammer#clustering,2024-06-29 23:11:35.798319328,video,27.972613839851764,3,0.06811562691570369,1.0114591369494954,0.03457231895868907,0.5216234173224231,0.27344879746600004,0.18589785743210535,0.005650903320307739,0,8,12,18.069194202399245
94,4112.8324734030875,2215.8734622301217,1248.5497175121159,537.5288355332494,35.657629677751046,134.20662242677568,11.17810282221475,5.006664268866059,171.2889603760457,18.81845878086908,5.97122817195125,google search analysis one best data analysis project idea someone want work data analyst marketing task analyze search trend google learn analyze google search trend visiting link bio,#data#datascience#dataanalysis#dataanalytics#datascientist#machinelearning#python#pythonprogramming#pythonprojects#pythoncode#artificialintelligence#ai#deeplearning#machinelearningprojects#datascienceprojects#amankharwal#thecleverprogrammer#instagram#instagramreach,2024-07-12 05:38:49.411764706,video,28.479205151081675,0,0.0801319910268752,1.0020828829706105,0.03311040664640957,0.5396692252633,0.30800030826005215,0.13403529403710446,0.008756041831929764,0,8,2,17.782735030419303
95,5422.17393132239,2282.8737422711515,2908.448218080698,45.066969617070654,64.71487850980454,60.47209607147872,19.0799941532425,5.9457813893576885,147.99889502975628,68.66816061355993,6.034912833982267,machine learning project solved explained using python programming language link bio,#deeplearning#machinelearning#artificialintelligence#datascience#ai#python#coding#technology#programming#bigdata#dataanalytics#datascientist#data#computerscience#tech#neuralnetwork#amankharwal#thecleverprogrammer,2024-11-18 01:24:42.352941176,video,28.156122200270975,6,0.04326294579901954,1.0088943954288774,0.0347190301151035,0.4244588275903462,0.5578350069684489,0.008233693539039652,0.012051735901777752,0,6,12,19.06005852968842
96,2753.2651518576117,2517.0676859251525,115.29921569579913,50.72165514379219,9.041360201070308,39.78380664118503,9.88633857522588,4.008822593935401,115.24057044176436,11.128111153309698,5.929450042941538,best website follow learn everything data science,#datavisualization#datascience#data#dataanalytics#machinelearning#dataanalysis#artificialintelligence#python#datascientist#bigdata#deeplearning#dataviz#ai#analytics#technology#dataanalyst#programming#pythonprogramming#statistics#coding#businessintelligence#datamining#tech#business#computerscience#tableau#database#bigdataanalytics#powerbi,2024-04-23 11:41:50.924369748,carousel,6.874272285922959,0,0.06053197119324082,0.9880494291643654,0.1262929876508653,0.9234713646900026,0.042531823072499884,0.01858945822372874,0.0032785959884069136,0,6,22,30.086885956880618
97,3868.4708060201565,2277.4933609459717,1272.2530127928171,324.4902041164154,34.07658153722112,136.76158857522344,10.872949635137418,3.013499832776937,153.0144527641577,19.25332379400122,2.0225435951038713,difference process deep learning machine learning,#python#pythonprogramming#pythonprojects#pythoncode#pythonlearning#pythondeveloper#pythoncoding#pythonprogrammer#amankharwal#thecleverprogrammer#pythonprojects#qrcodes,2024-03-29 22:47:23.697478991,carousel,16.97567945899629,0,0.07802648549885743,1.0043285236375832,0.05598937138256725,0.569514580037297,0.32446242337921916,0.08212853478132191,0.00874171546083124,0,11,21,21.05140289781038
98,3024.8912122915403,2030.3042974388313,765.1518875174999,113.87447734770439,41.171544349206755,51.166246214883195,10.876210031476246,4.062285952153694,94.00965231044509,9.008270030213723,2.007310222384589,lstm stand long short term memory network type recurrent neural network commonly used regression time series forecasting machine learning learn use lstm neural network task stock price prediction using python,#data#datascience#dataanalysis#dataanalytics#datascientist#machinelearning#python#pythonprogramming#pythonprojects#pythoncode#artificialintelligence#ai#deeplearning#machinelearningprojects#datascienceprojects#amankharwal#thecleverprogrammer#machinelearningmodels#zomato#business#casestudy#businessmodel#amazonfinds,2024-12-18 17:32:46.386554620,video,17.105897212639608,2,0.0523366195415351,0.9939466730513391,0.05540543728537669,0.6759229798752144,0.25409141600919893,0.03880090652532406,0.013660961904550213,1,1,23,23.373606680539833
99,5400.8437890284895,2636.4687550347353,2003.7427673564816,1057.730557713526,230.88795357077052,397.3620796674953,10.035482249709583,27.565792982355678,269.5070636698717,38.006848123840264,14.126093450091483,database used facebook,#datavisualization#datascience#data#dataanalytics#machinelearning#dataanalysis#artificialintelligence#python#datascientist#bigdata#deeplearning#dataviz#ai#analytics#technology#dataanalyst#programming#pythonprogramming#statistics#coding#businessintelligence#datamining#tech#business#boxplots#thecleverprogrammer#amankharwal,2024-01-04 01:36:48.403361344,carousel,16.238200602358106,5,0.13160076799521275,0.9830189425592407,0.05936692130456301,0.48280742639467805,0.3653939729353103,0.1968215355528585,0.04291019868437116,0,4,18,18.11505364983331
100,5288.61202792731,2025.915190403074,2071.8564113372763,981.7846446326312,73.47835199978576,154.65372481869153,5.9976438105388,12.96255353341104,188.74827860258395,42.37892250000312,7.985063062340495,activation function function used neural network calculating weighted sum input bias done determine neuron activated happens input layer receives training data training neural network hidden layer used calculation help finding relationship feature data output layer give result controlled activation function placed hidden layer produce result neural network,#data#datascience#dataanalysis#dataanalytics#datascientist#machinelearning#python#pythonprogramming#pythonprojects#pythoncode#artificialintelligence#ai#deeplearning#machinelearningprojects#datascienceprojects#amankharwal#thecleverprogrammer#interview#neuralnetworks,2024-06-08 11:53:56.974789916,image,17.09227151524777,1,0.06844602840622398,1.0212631919659818,0.056400778476181385,0.37024802400160123,0.3888101705682845,0.1855041339641372,0.013765690054451546,1,11,6,17.04171977773887
101,8015.440214187065,2250.6890073909653,5067.381311843972,300.5946317327979,170.03331226990198,84.32382115548553,8.005068985749261,7.160200510658504,203.468413286442,92.02283173678794,14.15590693245986,here create qr code using python programming language,#data#datascience#dataanalysis#dataanalytics#datascientist#machinelearning#python#pythonprogramming#pythonprojects#pythoncode#artificialintelligence#ai#deeplearning#algorithm#algorithms#machinelearningalgorithms#ml#amankharwal#thecleverprogrammer,2024-03-05 09:52:56.470588235,carousel,39.36327794168807,3,0.03785711999375447,1.0036664297209519,0.024635114111986767,0.279221218394262,0.6246382674239992,0.037491873966253295,0.021353620824059876,0,11,8,19.437474384911766
102,4165.726703027202,1767.6943062463977,1073.8140564822284,459.2799649789658,794.5350605824806,72.49550706809605,4.03078708308285,2.027942350091259,142.76466543208602,75.03299442888216,28.07558300283739,best website prepare coding interview,#data#datascience#dataanalysis#dataanalytics#datascientist#machinelearning#python#pythonprogramming#pythonprojects#pythoncode#artificialintelligence#ai#deeplearning#algorithm#algorithms#machinelearningalgorithms#ml#amankharwal#thecleverprogrammer#softskills,2024-01-07 03:13:36.806722689,carousel,19.06002073757179,4,0.053944250938145276,0.9906335068294801,0.04986438994459819,0.4325677856693181,0.2621223385980393,0.1119180696372097,0.1910315647537125,1,9,12,13.030949722401825
103,4584.859020769812,2032.6285852179442,899.334841091852,852.799455069115,532.2989998869624,94.75325892938655,1.0000985893602468,11.896706813775234,165.59733416252305,21.109407152147913,17.959376897241604,important data visualization every data scientist must know,#neuralnetwork#machinelearning#artificialintelligence#deeplearning#python#ai#datascience#neuralnetworks#programming#tensorflow#datascientist#pythonprogramming#tech#technology#artificialintelligenceai#machinelearningalgorithms#computerscience#coding#ml#data#amankharwal#thecleverprogrammer#alexnet,2024-03-11 13:06:33.277310924,video,5.039669213224541,0,0.058393984423653934,1.0008802658490032,0.1676218224814881,0.4381802669713184,0.1961104405873373,0.19029771751944854,0.11438797487744404,1,11,9,16.310277509796478
104,6339.793026054905,2482.4264355442897,2693.536109242263,748.8480160883448,155.9296982642875,186.80540072186727,3.9580422006136637,14.989153838289468,194.39161805497955,25.616725396004288,11.827602921404232,real world application python industry,#stockmarket#investing#stocks#trading#money#investment#finance#forex#datavisualization#datascience#data#dataanalytics#machinelearning#dataanalysis#ai#candlestick#candlestickcharts,2024-11-11 22:11:05.546218488,carousel,36.95784273980775,2,0.06336937007290118,1.0080673314778954,0.02607161398874733,0.3991019176748362,0.4217741084301913,0.11655593817302254,0.024462550914697602,1,5,6,16.859033633847517
105,11221.78632021714,2119.6833981502327,2975.8481115530744,5615.664906125512,121.7806964446821,216.1919734682835,6.994741573276556,8.060769542702607,251.19022053105454,38.46948288055066,33.850505060089844,data science student must found hard choose topic creating first data science project beginner university give list choose university give complete freedom student choose topic choose topic data science project complete guide choose topic data science project,#machinelearning#machinelearningalgorithms#datascience#dataanalysis#dataanalytics#datascientist#python#pythonprogramming#pythonprojects#pythoncode#artificialintelligence#ai#deeplearning#algorithm#algorithms#amankharwal#thecleverprogrammer,2024-10-30 15:43:51.932773108,carousel,8.887876750724011,4,0.04339138021580078,0.9999141643233136,0.10038148466021721,0.19135958940896824,0.2697098290963835,0.5104441195315466,0.011016168199712207,1,1,23,16.90699727502601
106,7215.73782682906,1838.7469535812888,4202.030568870264,701.618928351156,316.64519817568,74.07814619119937,8.012028746202892,3.0055982795139906,168.31889957875254,73.36884131687424,25.930038668743574,python program count number capital letter file,#data#datascience#dataanalysis#dataanalytics#datascientist#machinelearning#python#pythonprogramming#pythonprojects#pythoncode#artificialintelligence#ai#deeplearning#algorithm#algorithms#machinelearningalgorithms#amankharwal#thecleverprogrammer,2024-09-23 20:22:11.092436976,video,34.013546337254155,3,0.03544123527978816,1.0119889534567363,0.028552851428402106,0.25520578515658643,0.5718425499606323,0.09898138116398704,0.043137491738411686,1,12,22,18.969773303904454
107,17514.74090534731,1840.9754979386335,10170.816827973815,5173.8141609014765,255.23157221298126,283.5217675750722,7.017428482948377,7.111339950440321,422.8417964663959,464.2888216451907,258.33882816021645,visualizing data one valuable skill every data scientist analyst lot data visualization learn data science find list data visualization data science explained using python,#data#datascience#dataanalysis#dataanalytics#datascientist#machinelearning#python#pythonprogramming#pythonprojects#pythoncode#artificialintelligence#ai#deeplearning#machinelearningprojects#datascienceprojects#amankharwal#thecleverprogrammer#machinelearningmodels#zomato#business#casestudy#businessmodel,2024-11-27 06:15:07.563025208,carousel,27.148441658153946,6,0.040871301246723835,1.0001588568065611,0.03603616787209646,0.10250149278203573,0.5826459543449742,0.295533309182371,0.01425687386191906,1,10,8,16.70174487917478
108,6771.174528081392,2814.9791088192114,2736.86086581403,903.1155977661726,126.9537916544354,461.7806356537837,8.020871118794691,21.630686770850673,248.82478884762915,24.045176924473843,16.348011016821843,important data visualization every data scientist must know,#python#pythonprogramming#pythonprojects#pythoncode#pythonlearning#pythondeveloper#pythoncoding#pythonprogrammer#amankharwal#thecleverprogrammer#pythonprojects,2024-08-14 23:23:41.848739496,image,6.79690469206249,5,0.10934153980732307,1.012884328523203,0.12459853429203328,0.41059114632456406,0.40579848007513425,0.13134354139196083,0.01871251854287544,0,8,22,16.794608871482485
109,17568.5395115951,2437.547795445749,2147.1858799155693,12313.557639239545,573.9705463695595,502.63595786682276,2.9894774387458933,23.116191374049965,307.64757799607315,69.40377811687611,97.27570855887916,useful python script use solve realtime problem project,#data#datascience#dataanalysis#dataanalytics#datascientist#machinelearning#python#pythonprogramming#pythonprojects#pythoncode#artificialintelligence#ai#deeplearning#algorithm#algorithms#machinelearningalgorithms#amankharwal#thecleverprogrammer,2024-09-20 18:45:22.689075628,carousel,6.033050471307805,6,0.04758336536804255,1.0109882746753125,0.14247036293132914,0.1398541035619485,0.12111449428046318,0.6913680769827625,0.03203238664061824,0,3,14,19.14836154612903
110,5592.59467497462,3818.808296183968,358.6426654648305,1137.9891875408136,75.19659716341974,150.60655323041308,4.942466938170971,7.995857420113035,160.44551946781897,21.86597829344038,19.996305211811848,best data science project idea resume try,#coding#programming#programmer#python#developer#javascript#code#coder#technology#html#computerscience#codinglife#java#webdeveloper#tech#css#webdevelopment#software#softwaredeveloper#interview#job#codinginterview#amankharwal#thecleverprogrammer,2024-09-08 12:18:09.075630252,carousel,8.05480098359322,0,0.057064112839378955,1.0063749223692662,0.11148714821230739,0.6868452385168176,0.06489418118017282,0.20193460373173064,0.013699881168941504,1,1,1,17.978231387569746
111,4862.941817617228,1627.7338895638334,699.730562852229,2020.0215265873624,317.60319559579796,55.59491158664659,6.029924933907158,3.9372441659527153,84.45349016273694,45.590363977952464,29.99719272391896,important data visualization every financial data analystscientist know,#stockmarket#investing#stocks#trading#money#investment#finance#forex#datavisualization#datascience#data#dataanalytics#machinelearning#dataanalysis#ai#candlestick#candlestickcharts#amankharwal#thecleverprogrammer,2024-12-31 00:00:00.000000000,video,8.810781071030435,2,0.031600281642627154,0.9869999724516758,0.09914416190494425,0.34115169922850036,0.14403035647313384,0.4202568482773499,0.06396886197419333,0,10,19,14.036964808460356
112,11006.815104681202,4522.798655225064,738.735505526454,5642.692316856042,52.42185130863477,276.65841273390095,3.972243644890464,13.06366866597669,208.98632151575234,61.91619378222035,57.33215817084745,neural network computational structure connects input layer output layer here neural network work,#data#datascience#dataanalysis#dataanalytics#datascientist#machinelearning#python#pythonprogramming#pythonprojects#pythoncode#artificialintelligence#ai#deeplearning#algorithm#algorithms#machinelearningalgorithms#ml#amankharwal#thecleverprogrammer#softskills,2024-03-02 08:16:08.067226891,video,27.275570072368012,2,0.044956907388570375,1.0075349122697375,0.03558149386160031,0.401639842316213,0.0670180337059112,0.5171028948180678,0.004706158234291825,1,10,7,12.056853595597609
113,10126.143581020146,2373.13506389062,1593.9448420301626,5949.270080229478,118.02461761446918,182.4251309006517,10.048385855802364,17.220041372069062,172.08220085944063,235.5423994006161,100.00280384191554,learn visualize linear regression algorithm machine learning using python find complete tutorial link bio,#python#pythonprogramming#pythonprojects#pythoncode#pythonlearning#pythondeveloper#pythoncoding#pythonprogrammer#amankharwal#thecleverprogrammer#pythonprojects#otp#otpverification,2024-07-03 00:48:24.201680672,video,12.943673847773919,0,0.03727605038937975,0.992444029797147,0.07184879455934778,0.2301991692228974,0.1619054040690147,0.5864083543563163,0.01154687367563418,1,8,0,17.152355340332115
114,13814.66574567402,5199.523642285489,3015.498337334169,5311.637181750985,77.1861814554565,575.7631834382915,2.034176699761008,38.30007784697303,380.78183949470036,72.21487724427733,81.36057504635619,best youtube channel follow learn data science,#data#datascience#dataanalysis#dataanalytics#datascientist#machinelearning#python#pythonprogramming#pythonprojects#pythoncode#artificialintelligence#ai#deeplearning#algorithm#algorithms#machinelearningalgorithms#ml#amankharwal#thecleverprogrammer,2024-08-05 18:33:16.638655460,video,5.011079662657162,3,0.07073632838017085,0.9836779027384686,0.16572555982671872,0.381271261471013,0.22113154191451204,0.38619871899372,0.005658258348570371,1,3,13,16.858661791767585
115,5618.246147945509,1908.9142727122312,1346.6608846468268,2279.753131453513,64.20711590853652,134.7898067630917,4.029946670069078,1.0000174050519661,145.44901840073842,20.42558104326603,18.262062038143753,programming language facebook us frontend backend facebook,#python#pythonprogramming#pythoncode#pythonlearning#pythondeveloper#pythonprogrammer#pythonprojects#python3#pythoncoding#pythonprogramminglanguage#amankharwal#thecleverprogrammer,2024-11-21 03:01:30.756302520,carousel,25.820743708159434,2,0.04982702071360871,0.9984040799437467,0.03657103240572364,0.3366560419896993,0.23707451824118328,0.39203154851114114,0.011270089512722688,0,9,22,18.31682064293337
116,4195.461017853392,1133.936857408008,1526.519814874745,1385.18554328502,32.64162506105277,36.583931528850165,0.0,1.002300417799593,93.02815020906888,34.0239224336195,10.21540220985165,best python project idea resume work python developer,#data#datascience#dataanalysis#dataanalytics#datascientist#machinelearning#python#pythonprogramming#pythonprojects#pythoncode#artificialintelligence#ai#deeplearning#machinelearningprojects#datascienceprojects#amankharwal#thecleverprogrammer#machinelearningmodels#zomato#business#casestudy#businessmodel,2024-02-12 22:35:17.647058823,carousel,19.32595594823877,1,0.030675684057890607,1.0001111376681424,0.05016077610270754,0.2759957578225035,0.36831255974446314,0.32823629022821754,0.008003843942163278,1,4,12,18.272400353219865
117,32404.17956798369,11806.680842438556,3155.5271726571295,17547.747332703406,168.55904334130287,1092.2975904471184,2.003927339595924,75.50114172249891,549.8515748433374,147.6419913759412,211.41176582805576,here visualize interactive candlestick chart using python,#datavisualization#datascience#data#dataanalytics#machinelearning#dataanalysis#artificialintelligence#python#datascientist#bigdata#deeplearning#dataviz#ai#analytics#technology#dataanalyst#programming#pythonprogramming#statistics#amankharwal#thecleverprogrammer,2024-10-09 04:26:13.109243696,carousel,5.065278164359634,1,0.05404330793996735,0.9933346924524146,0.1697998985092066,0.3601863696501894,0.09619009317403271,0.5350770357172833,0.005214580065535848,1,12,12,16.914141147257233
118,36948.89817059321,13387.87621802875,4199.292080850505,16367.739019165267,2568.643216297897,656.8321293221616,5.01574173781006,26.063202115971244,441.0131100808226,614.5108668362751,224.83034509746568,database google us,#sql#mysql#datascience#datasciencejobs#datasciencetraining#datascienceeducation#datasciencecourse#data#dataanalysis#dataanalytics#datascientist#machinelearning#artificialintelligence#ai#deeplearning#machinelearningprojects#datascienceprojects#amankharwal#thecleverprogrammer,2024-06-05 10:17:08.571428572,carousel,8.85578259945994,0,0.030354554481359826,1.0056547610227446,0.09761918664653643,0.36435028303524053,0.11465972513609334,0.44485153521571813,0.06984451995729431,1,4,22,10.98831296573043
